USE apoyame;

INSERT INTO USUARIO(NICKNAME, NOMBRE, EMAIL, CONTRASEÑA) VALUES 
("HugoX", "Hugo Fernando", "elhugox@hotmail.com", "q1w2e3"),
("Samsville", "Samantha Sánchez", "samsville@gmail.com", "kilobolo10"),
("JGorGG", "Henry Quinionez", "JGorGG@hotmail.com", "ZXASQW12"),
("WolfZard", "Giancarlo Carvajal", "reloaded1100@gmail.com", "tutankamon"),
("MariYas", "María Hernández", "marimeri@hotmail.com", "gorki9912"),
("persona6","Persona Seis","persona6@gmail.com","AAAAA1"),
("persona7","Persona Siete","persona7@gmail.com","AAAAA2"),
("persona8","Persona Ocho","persona8@gmail.com","AAAAA3"),
("persona9","Persona Nueve","persona9@gmail.com","AAAAA4"),
("persona10","Persona DIez","persona10@gmail.com","AAAAA5"),
("persona11","Persona Once","persona11@gmail.com","AAAAA6"),
("persona12","Persona Doce","persona12@gmail.com","AAAAA7"),
("persona13","Persona Trece","persona13@gmail.com","AAAAA8"),
("persona14","Persona Catorce","persona14@gmail.com","AAAAA9"),
("persona15","Persona Quince","persona15@gmail.com","AAAA10"),
("persona16","Persona Dieciesis","persona16@gmail.com","AAAA11"),
("persona17","Persona Diecisiete","persona17@gmail.com","AAAA12"),
("persona18","Persona Dieciocho","persona18@gmail.com","AAAA13"),
("persona19","Persona Diescinueve","persona19@gmail.com","AAAA14"),
("persona20","Persona Veinte","persona20@gmail.com","AAAA15");

INSERT INTO GRUPO(NOMBRE, DESCRIPCION, CATEGORIA) VALUES 
("TODOS CONTRA EL BULLYING","EN ESTE GUPO SE ENCUENTRAN TEMAS RELACIONADOS CON EL BULLYING","BULLYING"),
("APOYO CONTRA EL ABUSO","GRUPO EN DONDE SE APOYA A LAS PERSONAS QUE SUFREN DE ABUSO","ABUSO"),
("TOD@S CONTRA EL ABUSO EN EL COLEGIO","COSAS QUE PUEDES HACER EN EL COLEGIO EN CASO QUE SUFRAS ALGUN TIPO DE ABUSO","ABUSO"),
("BULLYING EN COLEGIO","EN ESTE GRUPO ENCONTRARAS MEDIDAS QUE PUEDES TOMAR EN CASO DE QUE SUFRAS DE BULLING EN EL COLEGIO","BULLYING"),
("¿QUE HACER EN CONTRA DEL BULLING?","GRUPO EN DONDE COMENTAN SITUACIONES EN DONDE LAS PERSONAS SUFRIERON O SUFREN BULLYING, Y QUE HACEN PARA ERRADICARLO","BULLYING"),
("PROHIBIDO RENDIRSE", "AQUÍ ENCONTRARÁS APOYO PARA NO RENDIRTE", "SUPERACIÓN"),
("UNIDOS POR EL OBJETIVO", "GRUPO PARA COMPARTIR METAS Y BRINDAR APOYO EN SU CUMPLIMIENTO", "SUPERACIÓN"),
("HÉROES SILENCIOSOS", "GRUPO DONDE SE COMPARTEN EXPERIENCIAS FUERTES E INSPIRADORAS", "EXPERIENCIAS"),
("ROMPIENDO REGLAS", "CUÉNTANOS TUS EXPERIENCIAS LIBERADORAS", "EXPERIENCIAS"),
("GRUPO NOBLE", "SIÉNTETE LIBRE DE CONTAR LAS COSAS DE LAS QUE TE SIENTES ORGULLOSO", "SUPERACIÓN"),
("SIN LÍMITES", "SOLO HISTORIAS DE SUPERACIÓN", "SUPERACIÓN"),
("NO MÁS DOLOR", "LIBERA AQUELLO QUE NO LE CUENTAS A NADIE Y SANA DE UNA VEZ POR TODAS", "EXPERIENCIAS"),
("GUARIDA DE SECRETOS", "DEJA SALIR AQUELLO QUE YA NO ES TU CULPA", "EXPERIENCIAS"),
("LEVANTANDO CABEZAS", "APOYO DE TODOS PARA TODOS", "SUPERACIÓN"),
("DOSIS DE REALIDAD", "CUÉNTANOS LAS COSAS QUE TE HICIERON DAR CUENTA DE QUE NECESITABAS UN CAMBIO", "EXPERIENCIAS"),
("PODER MENTAL", "APRENDE A EDUCAR TU MENTE Y SUS EMOCIONES", "SUPERACIÓN"),
("AMIGOS EVERYWHERE", "SOLO COSAS RANDOM DE AMIGOS HACIA AMIGOS", "EXPERIENCIAS"),
("SIN MIEDO A ERRORES", "ANÍMATE A COMPARTIR TUS EQUIVOCACIONES Y LO QUE APRENDISTE DE ELLAS", "EXPERIENCIAS"),
("MI FOBIA Y YO", "AQUÍ SE COMPARTEN LAS EXPERIENCIAS DE UNA VIDA CON FOBIAS", "EXPERIENCIAS"),
("MI REFLEJO", "¿QUÉ PIENSAS DE TI? ¿QUÉ TE GUSTARÍA CAMBIAR?", "EXPLORACIÓN PERSONAL");

INSERT INTO MIEMBROGRUPO(ID_USUARIO, ID_GRUPO) VALUES
(1, 18),
(2, 15),
(3, 15),
(4, 15),
(5, 15),
(6, 7),
(7, 7),
(8, 15),
(9, 5),
(10, 4),
(11, 17),
(12, 15),
(13, 15),
(14, 2),
(15, 19),
(16, 15),
(17, 20),
(18, 3),
(19, 3),
(20, 3);

INSERT INTO TEMA(NOMBRE, ID_CREADOR, ID_GRUPO) VALUES
("TEMA 1", 1, 18),
("TEMA 2", 2, 15),
("TEMA 3", 3, 15),
("TEMA 4", 4, 15),
("TEMA 5", 5, 15),
("TEMA 6", 6, 7),
("TEMA 7", 7, 7),
("TEMA 8", 8, 15),
("TEMA 9", 9, 5),
("TEMA 10", 10, 4),
("TEMA 11", 11, 17),
("TEMA 12", 12, 15),
("TEMA 13", 13, 15),
("TEMA 14", 14, 2),
("TEMA 15", 15, 19),
("TEMA 16", 16, 15),
("TEMA 17", 17, 20),
("TEMA 18", 18, 3),
("TEMA 19", 19, 3),
("TEMA 20", 20, 3);

INSERT INTO ENTRADA(ID_AUTOR, ID_TEMA, TEXTO) VALUES
(5, 5, "Mi primera entrada"),
(4, 4, "Creo que sí deberías hacerlo."),
(3, 3, "Yo tambien creo lo mismo :)"),
(2, 2, "¿Y porque no hiciste eso antes de que empeorara el problema?"),
(1, 1, "Deberías tomarlo con más calma."),
(6, 6, "Consulta con un profesional"),
(7, 7, "Tranqui, es normal de la edad"),
(8, 8, "Deberías concentrarte en controlar tus sentimientos"),
(9, 9, "Claro que sí"),
(10, 10, "Claro que no"),
(20, 20, "Tambien tengo el mismo probelma"),
(19, 19, "Menos mal ocurrió así."),
(18, 18, "Pudo haber sido peor"),
(17, 17, "No lo se amigo, nunca me ha pasado"),
(16, 16, "Me ocurrió algo similar!"),
(15, 15, "Deberiamos de hacer una videollamada"),
(14, 14, "Habla con un familiar sobre el tema"),
(13, 13, "Decirte que no es mentirte"),
(12, 12, "No lo sé, quizas sí"),
(11, 11, "Cuídate mucho!");

INSERT INTO REUNIONVIRTUAL(ID_ORGANIZADOR, ID_TEMA, PLATAFORMA) VALUES
(10, 10, "ZOOM"),
(20, 20, "WHATSAPP"),
(19, 19, "HABBO HOTEL"),
(18, 18, "ZOOM"),
(17, 17, "ZOOM"),
(16, 16, "WHATSAPP"),
(15, 15, "FACEBOOK"),
(14, 14, "WOW"),
(13, 13, "MINECRAFT"),
(12, 12, "MINECRAFT"),
(11, 11, "ZOOM"),
(5, 5, "WHATSAPP"),
(4, 4, "ZOOM"),
(3, 3, "ZOOM"),
(2, 2, "HABBO HOTEL"),
(1, 1, "ZOOM"),
(6, 6, "WHATSAPP"),
(7, 7, "WHATSAPP"),
(8, 8, "MINECRAFT"),
(9, 9, "ZOOM");

INSERT INTO REUNIONPRESENCIAL(ID_ORGANIZADOR, ID_TEMA, UBICACION) VALUES
(10, 10, "DIRECCIÓN 1"),
(20, 20, "DIRECCIÓN 2"),
(19, 19, "DIRECCIÓN 3"),
(15, 15, "DIRECCIÓN 4"),
(14, 14, "DIRECCIÓN 5"),
(13, 13, "DIRECCIÓN 6"),
(12, 12, "DIRECCIÓN 7"),
(18, 18, "DIRECCIÓN 8"),
(17, 17, "DIRECCIÓN 9"),
(16, 16, "DIRECCIÓN 10"),
(11, 11, "DIRECCIÓN 11"),
(5, 5, "DIRECCIÓN 12"),
(4, 4, "DIRECCIÓN 13"),
(1, 1, "DIRECCIÓN 14"),
(6, 6, "DIRECCIÓN 15"),
(7, 7, "DIRECCIÓN 16"),
(8, 8, "DIRECCIÓN 17"),
(3, 3, "DIRECCIÓN 18"),
(2, 2, "DIRECCIÓN 19"),
(9, 9, "DIRECCIÓN 20");

INSERT INTO ASISTENCIAREUNIONVIRTUAL(ID_ASISTENTE, ID_REUNION) VALUES
(10, 10),
(19, 19),
(18, 18),
(17, 17),
(9, 9),
(20, 20),
(13, 13),
(12, 12),
(11, 11),
(5, 5),
(4, 4),
(16, 16),
(15, 15),
(14, 14),
(6, 6),
(7, 7),
(8, 8),
(3, 3),
(2, 2),
(1, 1);

INSERT INTO ASISTENCIAREUNIONPRESENCIAL(ID_ASISTENTE, ID_REUNION) VALUES
(3, 3),
(2, 2),
(20, 20),
(13, 13),
(12, 12),
(19, 19),
(18, 18),
(11, 11),
(4, 4),
(10, 10),
(17, 17),
(9, 9),
(16, 16),
(15, 15),
(14, 14),
(5, 5),
(6, 6),
(7, 7),
(8, 8),
(1, 1);

INSERT INTO CATALOGO(TITULO_SECCION, ID_GRUPO) VALUES
("Titulo 1",2),
("Titulo 2",2),
("Titulo 3",3),
("Titulo 4",1),
("Titulo 5",4),
("Titulo 6",5),
("Titulo 7",7),
("Titulo 8",9),
("Titulo 9",8),
("Titulo 10",6),
("Titulo 11",10),
("Titulo 12",16),
("Titulo 13",13),
("Titulo 14",12),
("Titulo 15",14),
("Titulo 16",11),
("Titulo 17",18),
("Titulo 18",20),
("Titulo 19",19),
("Titulo 20",15);

INSERT INTO ARTICULO(ID_AUTOR, TITULO, ID_CATALOGO, TEXTO) VALUES
(1,"Titulo 1",2,"text"),
(2,"Titulo 2",2,"text"),
(3,"Titulo 3",4,"text"),
(4,"Titulo 4",6,"text"),
(5,"Titulo 5",5,"text"),
(6,"Titulo 6",8,"text"),
(7,"Titulo 7",9,"text"),
(8,"Titulo 8",7,"text"),
(9,"Titulo 9",4,"text"),
(10,"Titulo 10",6,"text"),
(11,"Titulo 11",10,"text"),
(12,"Titulo 12",11,"text"),
(13,"Titulo 13",16,"text"),
(14,"Titulo 14",19,"text"),
(15,"Titulo 15",17,"text"),
(16,"Titulo 16",18,"text"),
(17,"Titulo 17",16,"text"),
(18,"Titulo 18",13,"text"),
(19,"Titulo 19",11,"text"),
(20,"Titulo 20",20,"text");

INSERT INTO VIDEO(URL, TITULO, ID_CATALOGO, DESCRIPCION) VALUES
("https://youtu.be/QH2-TGUlwu4","Titulo 1",2,"descrip"),
("https://youtu.be/Dot2Na4NwQQ","Titulo 2",2,"descrip"),
("https://youtu.be/sAit66qi-EI","Titulo 3",4,"descrip"),
("https://youtu.be/CrxoKZwQGxw","Titulo 4",6,"descrip"),
("https://youtu.be/bSOfotKE0PE","Titulo 5",5,"descrip"),
("https://youtu.be/XuWc_3j2VPs","Titulo 6",8,"descrip"),
("https://youtu.be/yT16_7Jizn8","Titulo 7",9,"descrip"),
("https://youtu.be/yJGuv5YuH9U","Titulo 8",7,"descrip"),
("https://youtu.be/YwonxZP7y1o","Titulo 9",4,"descrip"),
("https://youtu.be/6oHYgG5DFSM","Titulo 10",6,"descrip"),
("https://youtu.be/vQP5S-QBFfc","Titulo 11",10,"descrip"),
("https://youtu.be/rZScv5KZJQE","Titulo 12",11,"descrip"),
("https://youtu.be/PcsUqPbZuD8","Titulo 13",16,"descrip"),
("https://youtu.be/RNssmVzgsjE","Titulo 14",19,"descrip"),
("https://youtu.be/Jo6fKboqfMs","Titulo 15",17,"descrip"),
("https://youtu.be/9jr9xlqDMxg","Titulo 16",18,"descrip"),
("https://youtu.be/xvqg2IMUTa8","Titulo 17",16,"descrip"),
("https://youtu.be/ctEbPPy5YgY","Titulo 18",13,"descrip"),
("https://youtu.be/mIKSjETHrmY","Titulo 19",11,"descrip"),
("https://youtu.be/v5HpqAYK6iU","Titulo 20",20,"descrip");
