USE apoyame;

INSERT INTO USUARIO(NICKNAME, NOMBRE, EMAIL, CONTRASEÑA) VALUES 
("HugoX", "Hugo Fernando", "elhugox@hotmail.com", "q1w2e3"),
("Samsville", "Samantha Sánchez", "samsville@gmail.com", "kilobolo10"),
("JGorGG", "Henry Quinionez", "JGorGG@hotmail.com", "ZXASQW12"),
("WolfZard", "Giancarlo Carvajal", "reloaded1100@gmail.com", "tutankamon"),
("MariYas", "María Hernández", "marimeri@hotmail.com", "gorki9912"),
("mediaattentive","Janice Keenan","mediaattentive@gmail.com","n8FYSr"),
("tawdryfailure","Ravi Mcloughlin","tawdryfailure@gmail.com","Gn0bIC"),
("cyanslimy","Winnie Rosario","cyanslimy@gmail.com","Z0Iq2w"),
("cerebrumapplaud","Petra Mckinney","cerebrumapplaud@gmail.com","Hau04q"),
("assistantdiamonds","Shaunna Andrews","assistantdiamonds@gmail.com","4jO0Tm"),
("promotefibula","Hunter Thorpe","promotefibula@gmail.com","Tr0U1K"),
("lumberingcoaming","Marcus Bray","lumberingcoaming@gmail.com","PvG6dR"),
("evenauction","Sallie Wallis","evenauction@gmail.com","pZFB3a"),
("scalytrot","Adina Mcmillan","scalytrot@gmail.com","v1nJAr"),
("wiltedstrut","Eshaal Liu","wiltedstrut@gmail.com","mFZC3r"),
("aroundmeniscus","Humayra Mccabe","aroundmeniscus@gmail.com","Tf9vVx"),
("physicalsalmon","Beverly Hanson","physicalsalmon@gmail.com","D7d9N1"),
("lasagnealcohol","Jiya Allison","lasagnealcohol@gmail.com","m1CEYD"),
("inventivebadly","Clarissa Alford","inventivebadly@gmail.com","hdr2MH"),
("criticmedicine","Mahi Casey","criticmedicine@gmail.com","IZ5gkh"),
("strikerskedaddle","Tahmid Massey","strikerskedaddle@gmail.com","gCOV8y"),
("orderfillet","Daria Gibbons","orderfillet@gmail.com","jqP6Vb"),
("gentlemancashew","Deniz Ratcliffe","gentlemancashew@gmail.com","aBi2W3"),
("leastjerboa","Kaydee Cortes","leastjerboa@gmail.com","WKw3bY"),
("anywherenoddle","Safwan Sullivan","anywherenoddle@gmail.com","k6m8Zo"),
("dameuphonium","Aden Knights","dameuphonium@gmail.com","2tIpXm"),
("geldingrummage","Saul Pacheco","geldingrummage@gmail.com","vesP9V"),
("tntfinagle","Camron Bridges","tntfinagle@gmail.com","OEa4sX"),
("rollreservoir","Ivan Cervantes","rollreservoir@gmail.com","hHC69M"),
("handkerchiefbumf","Mylah Farrington","handkerchiefbumf@gmail.com","1he9Qy"),
("packedblubber","Emelie Knox","packedblubber@gmail.com","Slz9BN"),
("norshenanigan","Maggie White","norshenanigan@gmail.com","5bEUzc"),
("pettyrhubarb","Damien Stein","pettyrhubarb@gmail.com","fGb5g6"),
("culturedtermites","Bobbi Levy","culturedtermites@gmail.com","0LGnSC"),
("mustfrippery","Kiaan Pratt","mustfrippery@gmail.com","9Z1gcx"),
("goldfinchgazump","Abdullah Pace","goldfinchgazump@gmail.com","9bT4Sr"),
("strangepeduncle","Juno Sampson","strangepeduncle@gmail.com","9vnCto"),
("audiencegonzo","Sania Lyon","audiencegonzo@gmail.com","6dIkcm"),
("monitorfurbelow","Martin Mathews","monitorfurbelow@gmail.com","H6mJzW"),
("regularfolderol","Rishi Alvarado","regularfolderol@gmail.com","khLW8S");

INSERT INTO GRUPO(NOMBRE, DESCRIPCION, CATEGORIA) VALUES 
("TODOS CONTRA EL BULLYING","EN ESTE GUPO SE ENCUENTRAN TEMAS RELACIONADOS CON EL BULLYING","BULLYING"),
("APOYO CONTRA EL ABUSO","GRUPO EN DONDE SE APOYA A LAS PERSONAS QUE SUFREN DE ABUSO","ABUSO"),
("TOD@S CONTRA EL ABUSO EN EL COLEGIO","COSAS QUE PUEDES HACER EN EL COLEGIO EN CASO QUE SUFRAS ALGUN TIPO DE ABUSO","ABUSO"),
("BULLYING EN COLEGIO","EN ESTE GRUPO ENCONTRARAS MEDIDAS QUE PUEDES TOMAR EN CASO DE QUE SUFRAS DE BULLING EN EL COLEGIO","BULLYING"),
("¿QUE HACER EN CONTRA DEL BULLYING?","GRUPO EN DONDE COMENTAN SITUACIONES EN DONDE LAS PERSONAS SUFRIERON O SUFREN BULLYING, Y QUE HACEN PARA ERRADICARLO","BULLYING"),
("PROHIBIDO RENDIRSE", "AQUÍ ENCONTRARÁS APOYO PARA NO RENDIRTE", "SUPERACIÓN"),
("UNIDOS POR EL OBJETIVO", "GRUPO PARA COMPARTIR METAS Y BRINDAR APOYO EN SU CUMPLIMIENTO", "SUPERACIÓN"),
("HÉROES SILENCIOSOS", "GRUPO DONDE SE COMPARTEN EXPERIENCIAS FUERTES E INSPIRADORAS", "EXPERIENCIAS"),
("ROMPIENDO REGLAS", "CUÉNTANOS TUS EXPERIENCIAS LIBERADORAS", "EXPERIENCIAS"),
("GRUPO NOBLE", "SIÉNTETE LIBRE DE CONTAR LAS COSAS DE LAS QUE TE SIENTES ORGULLOSO", "SUPERACIÓN"),
("SIN LÍMITES", "SOLO HISTORIAS DE SUPERACIÓN", "SUPERACIÓN"),
("NO MÁS DOLOR", "LIBERA AQUELLO QUE NO LE CUENTAS A NADIE Y SANA DE UNA VEZ POR TODAS", "EXPERIENCIAS"),
("GUARIDA DE SECRETOS", "DEJA SALIR AQUELLO QUE YA NO ES TU CULPA", "EXPERIENCIAS"),
("LEVANTANDO CABEZAS", "APOYO DE TODOS PARA TODOS", "SUPERACIÓN"),
("DOSIS DE REALIDAD", "CUÉNTANOS LAS COSAS QUE TE HICIERON DAR CUENTA DE QUE NECESITABAS UN CAMBIO", "EXPERIENCIAS"),
("PODER MENTAL", "APRENDE A EDUCAR TU MENTE Y SUS EMOCIONES", "SUPERACIÓN"),
("AMIGOS EVERYWHERE", "SOLO COSAS RANDOM DE AMIGOS HACIA AMIGOS", "EXPERIENCIAS"),
("SIN MIEDO A ERRORES", "ANÍMATE A COMPARTIR TUS EQUIVOCACIONES Y LO QUE APRENDISTE DE ELLAS", "EXPERIENCIAS"),
("MI FOBIA Y YO", "AQUÍ SE COMPARTEN LAS EXPERIENCIAS DE UNA VIDA CON FOBIAS", "EXPERIENCIAS"),
("MI REFLEJO", "¿QUÉ PIENSAS DE TI? ¿QUÉ TE GUSTARÍA CAMBIAR?", "EXPLORACIÓN PERSONAL"),
("SOLTANDO PESOS", "GRUPO DONDE ENCONTRARÁS AYUDA PARA LIBERARTE DE ESO QUE NO TE DEJA AVANZAR", "SUPERACIÓN"),
("DESTRUYENDO VICIOS", "ENCUENTRA APOYO PARA DEJAR ESO QUE SABES QUE NO TE HACE BIEN", "SUPERACIÓN"),
("SIN VIDA", "¿TE SIENTES SIN PROPÓSITO NINGUNO? ENCUENTRA APOYO", "SUPERACIÓN"),
("MÚSICA SILENCIOSA", "GRUPO PARA PERSONAS QUE PERDIERON LA CAPACIDAD DE OÍR Y NO LO SUPERAN", "SUPERACIÓN"),
("NI CAL NI ARENA", "GRUPO PARA COMPARTIR LO MEJOR Y LO PEOR DE TI, SIN JUZGAMIENTOS", "EXPLORACIÓN PERSONAL"),
("LUZ EN LA WEB", "GRUPO PARA AGRADECER LA EXISTENCIA DE ESTE ESPACIO, CONTANDO LO QUE HA SIGNIFICADO PARA TU VIDA", "EXPERIENCIAS"),
("RENACIMIENTO", "GRUPO PARA AQUELLOS QUE CASI SE SUICIDAN, PERO SUPIERON VOLVER A ENCONTRAR GANAS PARA VIVIR", "EXPERIENCIAS"),
("SALTO DE FE", "¿TE DA MIEDO ADMITIR QUE YA ESTÁS RECUPERADO O RECUPERADA? ÚNETE Y ANÍMATE A EMPEZAR TU NUEVA VIDA", "SUPERACIÓN"),
("NÁUFRAGOS", "¿TE SIENTES PERDIDO O PERDIDA? ESTE ES TU GRUPO", "EXPLORACIÓN PERSONAL"),
("IS CAPACIDAD", "¿SUFRES ALGUNA DISCAPACIDAD? ENCUENTRA APOYO INSPIRADOR", "SUPERACIÓN"),
("SALTANDO ENTRE MUNDOS", "COMPARTE TUS HISTORIAS INSPIRADORAS PARA AYUDAR A OTROS", "EXPERIENCIAS"),
("ATRAPADO EN LA RED", "¿SIENTES QUE USAS INTERNET PARA AISLARTE DE TUS PROBLEMAS? CUÉNTANOSLO", "SUPERACIÓN"),
("NO MÁS PUZZLES", "¿SIENTES QUE NO ENCAJAS? NORMAL, NO SOMOS PIEZAS DE UN PUZZLE", "SUPERACIÓN"),
("MI VERDUGO", "SUPERA POR FIN A ESA PERSONA CULPABLE DE TUS TRAUMAS", "TRAUMAS"),
("¿ADIÓS?", "SI ESTÁS POR SUICIDARTE, ÚNETE Y LEE UN POCO ANTES DE PARTIR", "SUICIDIO"),
("PÁJAROS ACCIDENTALES", "¿PERDISTE A ALGUIEN POR CULPA DE UN ACCIDENTE? ÚNETE Y CUÉNTANOSLO", "TRAUMAS"),
("BARCOS A LA DERIVA", "ESTÁ BIEN TOMARSE UN DESCANSO Y NO SABER QUÉ HACER, SÓLO DÉJALO SALIR", "EXPERIENCIAS"),
("ATRÉVETE", "ENCUENTRA APOYO PARA HACER ESO QUE SIEMPRE HAS QUERIDO HACER", "SUPERACIÓN"),
("ESPERANZA ES UN COLOR", "COMPARTE AQUELLOS MOMENTOS QUE ATESORAS CON TU VIDA", "EXPERIENCIAS"),
("POST-VIDA", "GRUPO PARA QUE LAS PERSONAS COMPLETAMENTE RECUPERADAS DE SUS CONDICIONES COMPARTAN SUS EXPERIENCIAS", "EXPERIENCIAS"),
("PURIFICACIÓN", "GRUPO PARA SANAR Y RENACER", "EXPLORACIÓN PERSONAL");

INSERT INTO MIEMBROGRUPO(ID_USUARIO, ID_GRUPO) VALUES
(1, 18),
(2, 15),
(3, 15),
(4, 15),
(5, 11),
(6, 7),
(7, 7),
(8, 15),
(9, 5),
(10, 4),
(11, 17),
(12, 15),
(13, 15),
(14, 2),
(15, 19),
(16, 15),
(17, 20),
(18, 7),
(19, 3),
(20, 3),
(21, 31),
(22, 22),
(23, 30),
(24, 32),
(25, 26),
(26, 28),
(27, 33),
(28, 27),
(29, 38),
(30, 35),
(31, 39),
(32, 34),
(33, 29),
(34, 23),
(35, 40),
(36, 21),
(37, 25),
(38, 36),
(39, 24),
(40, 37);

INSERT INTO TEMA(NOMBRE, ID_CREADOR, ID_GRUPO) VALUES
("Mi mayor error...", 1, 18),
("Un cubo de agua fría", 2, 15),
("El día que desperté", 3, 15),
("Cuando dejé de pertenecerle", 4, 15),
("El punto de inflexión", 5, 15),
("Mi propósito de este año", 6, 7),
("Buscando una meta", 7, 7),
("Sin vuelta atrás", 8, 15),
("¿Qué debería hacer?", 9, 5),
("Me rompieron un diente...", 10, 4),
("Aventura en la montaña", 11, 17),
("El día que dije NO MÁS", 12, 15),
("Larga siesta... he despertado", 13, 15),
("No puedo más...", 14, 2),
("El día que toqué una araña", 15, 19),
("Mi ruptura interna", 16, 15),
("Sin filtros, este soy yo", 17, 20),
("Tengo miedo de ir al cole...", 18, 3),
("Mi colegio, mi prisión", 19, 3),
("Desearía poder hacer algo...", 20, 3),
("Lo logré y no puedo creerlo", 35, 10),
("El único día que vencí", 33, 10),
("Mi mayor victoria", 37, 10),
("No pensé que lo haría", 22, 9),
("Me harté y le devolví el golpe", 34, 9),
("Le grité a mi jefe", 25, 9),
("No puedo dejar de llorar", 36, 16),
("Hoy me pude contener", 39, 16),
("Mis experiencias aplicando las técnicas", 21, 16),
("Lo confieso, ya no me duele", 32, 13),
("Mi mayor secreto...", 40, 13),
("Yo también perdí la vida ese día, creánme...", 31, 13),
("Me cuesta encontrar motivación", 24, 6),
("Ya no veo el final, solo el camino", 29, 6),
("Hoy casi tiro la toalla...", 38, 6),
("Recuperando ánimos", 27, 6),
("Creía que no había otra salida", 28, 12),
("Estaba ciego y confundido", 23, 12),
("No lo soporto, lo confieso", 26, 12),
("No sé porqué pero... lo hice", 30, 12);

INSERT INTO ENTRADA(ID_AUTOR, ID_TEMA, TEXTO) VALUES
(5, 5, "Mi primera entrada"),
(4, 4, "Creo que sí deberías hacerlo."),
(3, 3, "Yo tambien creo lo mismo :)"),
(2, 2, "¿Y porque no hiciste eso antes de que empeorara el problema?"),
(1, 1, "Deberías tomarlo con más calma."),
(6, 6, "Consulta con un profesional"),
(7, 7, "Tranqui, es normal de la edad"),
(8, 8, "Deberías concentrarte en controlar tus sentimientos"),
(9, 9, "Claro que sí"),
(10, 10, "Claro que no"),
(20, 20, "Tambien tengo el mismo probelma"),
(19, 19, "Menos mal ocurrió así."),
(18, 18, "Pudo haber sido peor"),
(17, 17, "No lo se amigo, nunca me ha pasado"),
(16, 16, "Me ocurrió algo similar!"),
(15, 15, "Deberiamos de hacer una videollamada"),
(14, 14, "Habla con un familiar sobre el tema"),
(13, 13, "Decirte que no es mentirte"),
(12, 12, "No lo sé, quizas sí"),
(11, 11, "Cuídate mucho!"),
(22, 35, "Deberias hablarlo con alguien."),
(27, 33, "Tal vez funcione."),
(39, 37, "Mejor obten ayuda."),
(21, 22, "No lo hagas! "),
(28, 34, "No juegues con los sentimientos."),
(23, 25, "Concentrate."),
(38, 36, "No deberías investigarlo por tu cuenta."),
(40, 39, "Tal vez esa sea la solución."),
(34, 21, "Pregunta con confianza!"),
(26, 32, "Deberíamos saber mas del tema."),
(29, 40, "Necesito saberlo todo!"),
(35, 31, "Suena a una dinamica disfuncional."),
(36, 30, "Claro que si viejo."),
(30, 24, "Es mentira."),
(37, 29, "Mira lo que dijo este doctor."),
(31, 38, "Tienes todo nuestro apoyo."),
(32, 27, "No lo se, en serio."),
(25, 28, "Puede que no sea verdad."),
(24, 23, "No crean entodo lo que ves."),
(33, 26, "Échale ganas.");

INSERT INTO REUNIONVIRTUAL(ID_ORGANIZADOR, ID_TEMA, PLATAFORMA) VALUES
(10, 10, "ZOOM"),
(20, 20, "WHATSAPP"),
(19, 19, "HABBO HOTEL"),
(18, 18, "ZOOM"),
(17, 17, "ZOOM"),
(16, 16, "WHATSAPP"),
(15, 15, "FACEBOOK"),
(14, 14, "WOW"),
(13, 13, "MINECRAFT"),
(12, 12, "MINECRAFT"),
(11, 11, "ZOOM"),
(5, 5, "WHATSAPP"),
(4, 4, "ZOOM"),
(3, 3, "ZOOM"),
(2, 2, "HABBO HOTEL"),
(1, 1, "ZOOM"),
(6, 6, "WHATSAPP"),
(7, 7, "WHATSAPP"),
(8, 8, "MINECRAFT"),
(9, 9, "ZOOM"),
(30,31, "MINECRAFT"),
(36,22, "ZOOM"),
(33,30, "ROBLOX"),
(35,32, "WHATSAPP"),
("25",26, "FACEBOOK"),
(22,28, "HABBO HOTEL"),
(21,33, "ROBLOX"),
(26,27,"FACEBOOK"),
(39,38,"ZOOM"),
(38,35,"MINECRAFT"),
(23,39,"HABBO HOTEL"),
(32,34,"WHATSAPP"),
(27,29,"FACEBOOK"),
(40,23,"HABBO HOTEL"),
(24,40,"WHATSAPP"),
(31,21,"ZOOM"),
(37,25,"MINECRAFT"),
(34,36,"ROBLOX"),
(29,24,"ZOOM"),
(28,37,"TEAMS");

INSERT INTO REUNIONPRESENCIAL(ID_ORGANIZADOR, ID_TEMA, UBICACION) VALUES
(10, 1, "Rochdale"),
(15, 10, "Garrigill"),
(8, 6, "Dumbarton"),
(12, 14, "Hillford"),
(19, 4, "Westwend"),
(4, 6, "Duncaster"),
(5, 8, "Putlochry"),
(18, 3, "Newham"),
(1, 15, "Davenport"),
(16, 13, "Abingdon"),
(20, 11, "Northwich"),
(17, 1, "Braedon"),
(2, 18, "Domburton"),
(3 ,19 , "Ballater"),
(13, 20, "Blackridgepool"),
(6, 8, "Burnsley"),
(11, 14, "Caerleon"),
(9, 13, "Arkmunster"),
(14, 15, "Bury"),
(7, 4, "Penrith"),
(36, 34, "Kirkwall"),
(38, 30, "Cirrane"),
(33, 22, "Tillicoultry"),
(37, 31, "Dalmellington"),
(31, 33, "Colchester"),
(39, 21, "Alnerwick"),
(25, 23, "Caister"),
(26, 27, "Sutton"),
(34, 37, "Windrip"),
(24, 26, "Eelry"),
(35, 32, "Tardide"),
(28, 29, "Wavemeet"),
(40, 40, "King's Watch"),
(27, 38, "Fernsworth"),
(29, 36, "Swadlincote"),
(22, 39, "Todmorden"),
(21, 25, "Cleethorpes"),
(23, 28, "Caelfall"),
(32, 24, "Accreton"),
(30, 35, "Hurtlepool");

INSERT INTO ASISTENCIAREUNIONVIRTUAL(ID_ASISTENTE, ID_REUNION) VALUES
(10, 10),
(19, 19),
(18, 18),
(17, 17),
(9, 9),
(20, 20),
(13, 13),
(12, 12),
(11, 11),
(5, 5),
(4, 4),
(16, 16),
(15, 15),
(14, 14),
(6, 6),
(7, 7),
(8, 8),
(3, 3),
(2, 2),
(1, 1),
(38, 21),
(36, 27),
(26, 35),
(22, 40),
(27, 38),
(30, 25),
(31, 33),
(33, 39),
(25, 32),
(37, 36),
(21, 24),
(32, 26),
(24, 31),
(28, 34),
(34, 37),
(23, 28),
(39, 30),
(35, 29),
(29, 23),
(40, 22);

INSERT INTO ASISTENCIAREUNIONPRESENCIAL(ID_ASISTENTE, ID_REUNION) VALUES
(3, 3),
(2, 2),
(20, 20),
(13, 13),
(12, 12),
(19, 19),
(18, 18),
(11, 11),
(4, 4),
(10, 10),
(17, 17),
(9, 9),
(16, 16),
(15, 15),
(14, 14),
(5, 5),
(6, 6),
(7, 7),
(8, 8),
(1, 1),
(25, 26),
(35, 38),
(33, 21),
(29, 40),
(27, 24),
(23, 37),
(34, 35),
(40, 30),
(21, 28),
(30, 32),
(39, 25),
(36, 23),
(22, 39),
(31, 36),
(38, 27),
(32, 22),
(26, 34),
(37, 29),
(24, 31),
(28, 33);

INSERT INTO CATALOGO(TITULO_SECCION, ID_GRUPO) VALUES
("Abuso en la Adolescencia", 2),
("Abuso en la Adultez", 2),
("Rol de los Padres", 3),
("Definiciones", 1),
("Profesores y el Bullying", 4),
("Para los Bullies", 5),
("Procrastinación", 7),
("Confianza", 9),
("Culpabilidad", 8),
("Definiendo Metas", 6),
("Victorias", 10),
("El Cerebro", 16),
("Liberación", 13),
("Desahogo", 12),
("Círculos Viciosos", 14),
("Poder Mental", 11),
("Proceso de Mejora", 18),
("Autoconocimiento", 20),
("Autoayuda", 19),
("Afrontar las Experiencias", 15),
("Primeros Pasos", 40),
("Recaídas", 40),
("Límites", 40),
("Inspiración", 40),
("Perdonar", 34),
("Proceso Final", 34),
("Venganza", 34),
("Trastornos", 34),
("Relajación", 21),
("Buenos Hábitos", 21),
("Ataduras", 21),
("Compromisos", 21),
("Nueva Vida", 28),
("Libros", 28),
("Terapia", 28),
("Último Paso", 28),
("Autocrítica", 25),
("Introspección", 25),
("Caos", 25),
("Opiniones", 25);

INSERT INTO ARTICULO(ID_AUTOR, TITULO, ID_CATALOGO, TEXTO) VALUES
(6,"Como evitar el bulling",2,"Lo mejor que puede hacer si sufres de bulling es tener contacto con una persona mayor con la cual te sientas en confianza de contarle lo que esta ocurriendo y el seguramente te va a ayudar con lo que te esta ocurriendo"),
(7,"Ayuda para las personas que sufren de insomnio",2,"A largo plazo este se pueda convertir en una enfermedad y puede te puede afectar de varias maneras tu organismo por lo que a pesar de estar despierto toda la noche lo recomendable es que puedas tener tus horas diarias de sueño"),
(8,"Como evitar confictos en la escuela",4,"La manera mas sana para no tener inconvenientes en la escuela es juntarte con las personas que tengan los mismos gutos que tu y lo mas probable es que al tener los mismo gustos no tengan inconvenientes"),
(9,"Pasos para evitar la ira",6,"Todos sabemos que en algun momento pasamos por varios estados en los que las iras que tenemos son incontenibles y que llegara el dia en el que no vas a aguantar mas, por lo que te recomendamos que antes de explotar lo comentes con una personas a la cual le tengas confianza de manera relajada "),
(10,"Que hacer en caso de ansiedad",5,"Las personas que tienen problemas de ansiedad es recomendable que mantengan la calma y sepan sobrellevar la situacion, es mucho mejor si estas acompañad@ de una persona de confianza"),
(6,"La importancia de la salud mental",8,"La salud mental es algo a lo que las personas no le ponen importancia porque lo toman como algo que fuese normal del dia a dia, pero la realidad es que a largo plazo esto puede afectar gravemente a las personas "),
(11,"Que es lo que hace un psicologo",9,"Los psicologos en general tratan de ayudar a las peronas a darle opciones que puedan realizar en base a los problemas que tienen"),
(12,"¿En que te ayuda un psicologo a tu salud?",7,"El psicologo lo que hace es ayudar a las personas estabilizar la salud mental de las personas"),
(13,"¿Porque es importante tener una salud mental estable?",4,"Lo mas importante para las personas es que tengan una salud estable ya sea fisica como mental ya que con salud las peronas puedan llegar a realizar todos sus logros"),
(14,"Por que no debes de pasar por alto tu salud mental",6,"Porque probablemente existan personas que por falta de informacion no tengan muy claro sobre las cosas que estan pasando y por la acumulacion de todos esos problemas pueden afectar gravemente la salud"),
(14,"Que hacer si ves que una persona esta sufriendo de ansiedad",10,"Primero identificar que verdaderamente este sufriendo de ansiedad, y ayudar lo mas pronto posible trantando de estabilizar a la persona que esta pasando por eso"),
(6,"Como ayudar a que las personas se sientan mejor emocionalmente",11,"En su mayoria las personas buscan sentirse bien para poder realizar las cosas cotidianas y muchas veces no es necesario acudir a un especialista necesariamente, muchas veces solo es necesario escuchar y prestar atencion a las personas para que se sientan mejor"),
(4,"Como hacer que las personas de tercera edad se sientan bien emocionalmente",16,"Muchas veces no es necesario llevarle cosas meteriales a las personas simplemente con escuchar a las personas y prestarle algo de atencion es mas que suficiente"),
(5,"Actividades que te pueden ayudar a sentirte mejor contigo mismo",19,"En general en los momentos en lo que las personas se sienten mal lo mas recomendable es que ellas se encuentren ocupadas haciendo lo que mas le agrade como tocar algun instrumento o cocinar"),
(6,"Que hacer si te sientes mal emocionalmente",17,"Depende de el caso en el que te encuentres en casi de estar solo tratar de buscar a alguien con quien tener alguna conversacion, lo mas seguro es que si es una persona de confianza te pueda ayudar demasiado a mejorar"),
(7,"Que hacer para priorizar tu salud mental",18,"Tratar de estar bien con uno mismo en todos los sentidos ya sea fisica y mentalmente tratandod de hacer las cosas que mas te agranden a menudo trantando de estar bien contigo mismo"),
(14,"Como dar atencion a la salud mental de otras personas sin ser un psicologo",16,"Lo mas seguro es que muchas veces las personas necesiten ser atendidos por otra persona ya que no nos buscana una persona para que le de solucion a sus problemas que que solo se quieren sentir escuchados por alguien mas"),
(19,"Como apoyar emocionalmente a las demas personas",13,"Ayudandole a recapacitar sobre los problemas que tienen las demas personas quizas viendo que es lo que lo causa"),
(11,"La importancia de la salud mental en la vida de las personas",11,"Lo mas seguro es que si tienes una salud mental estable puedas llegar a lograr muchas cosas que te propongas asi mismo te ayuda a que te sientas bien contigo mismo y con la mayoria de cosas que te rodean"),
(7,"porque la salud mental es indispensable para el ser humano",20,"porque permite que las personas se puedan sentir estables y bien consigo mismo"),
(25,"No tengas miedo, obtén ayuda.",27,"The Anthony Robins Guide To MENTAL HEALTH"),
(30,"5 indicativos de que puedes sufrir depresión.",31,"How To Save Money with MENTAL HEALTH?"),
(26,"5 señales de que tu familia es disfuncional.",26,"The Secret Of MENTAL HEALTH"),
(21,"¿Por qué no consigues pareja?",35,"Guaranteed No Stress MENTAL HEALTH"),
(40,"Signos de que tienes trauma interiorizado.",39,"How To Take The Headache Out Of MENTAL HEALTH"),
(38,"Lo que tu comida favorita dice de ti.",23,"How To Handle Every MENTAL HEALTH Challenge With Ease Using These Tips"),
(37,"Señales de que estás sanando.",32,"The Ultimate Guide To MENTAL HEALTH"),
(23,"Lo que tu habitación dice de ti.",29,"3 Ways You Can Reinvent MENTAL HEALTH Without Looking Like An Amateur"),
(27,"Signos de que tienes personalidad intimidante",30,"Take 10 Minutes to Get Started With MENTAL HEALTH"),
(33,"Signos de que tienes personalidad débil.",36,"7 Easy Ways To Make MENTAL HEALTH Faster"),
(24,"Hábitos que contruyen tu personalidad.",21,"Open The Gates For MENTAL HEALTH By Using These Simple Tips"),
(31,"Lo más doloroso de la depresión.",28,"2 Ways You Can Use MENTAL HEALTH To Become Irresistible To Customers"),
(28,"Comportamientos que alejan a las personas.",22,"10 Tips That Will Make You Influential In MENTAL HEALTH"),
(22,"Como identificar a personas que sufren de ansiedad.",24,"14 Days To A Better MENTAL HEALTH"),
(35,"Como identificar a personas que sufren de depresión.",40,"10 Ways To Immediately Start Selling MENTAL HEALTH"),
(36,"Lo que dicen tus sueños de tus problemas.",34,"MENTAL HEALTH Iphone Apps"),
(32,"Descucbre tu tipo de pareja ideal.",25,"Secrets To Getting MENTAL HEALTH To Complete Tasks Quickly And Efficiently"),
(29,"Verdades que debes admitir.",33,"Old School MENTAL HEALTH"),
(34,"Mentiras comúnes y creencias falsas.",38,"MENTAL HEALTH Is Essential For Your Success. Read This To Find Out Why"),
(39,"Ir a terapia no es tan malo.",37,"5 Sexy Ways To Improve Your MENTAL HEALTH");

INSERT INTO VIDEO(URL, TITULO, ID_CATALOGO, DESCRIPCION) VALUES
("https://youtu.be/QH2-TGUlwu4", "10 Ways To Immediately Start Selling HELP", 1, "HELP Money Experiment"),
("https://youtu.be/Dot2Na4NwQQ", "3 Things Everyone Knows About HELP That You Don't", 2, "Your Weakest Link: Use It To HELP"),
("https://youtu.be/sAit66qi-EI", "14 Days To A Better HELP", 3,"The Complete Guide To Understanding HELP"),
("https://youtu.be/CrxoKZwQGxw", "The Lazy Way To HELP", 4,"Need More Inspiration With HELP? Read this!"),
("https://youtu.be/bSOfotKE0PE", "If You Want To Be A Winner, Change Your HELP Philosophy Now!", 5, "HELP - Pay Attentions To These 10 Signals"),
("https://youtu.be/XuWc_3j2VPs", "3 Ways You Can Reinvent HELP Without Looking Like An Amateur", 6,"Mastering The Way Of HELP Is Not An Accident - It's An Art"),
("https://youtu.be/yT16_7Jizn8", "Succeed With HELP In 24 Hours", 7,"Three Quick Ways To Learn HELP"),
("https://youtu.be/yJGuv5YuH9U", "Are You Making These HELP Mistakes?",8,"Marketing And HELP"),
("https://youtu.be/YwonxZP7y1o", "How We Improved Our HELP In One Week(Month, Day)", 9,"Read This To Change How You HELP"),
("https://youtu.be/6oHYgG5DFSM", "It's All About (The) HELP", 10, "3 Kinds Of HELP: Which One Will Make The Most Money?"),
("https://youtu.be/vQP5S-QBFfc", "Stop Wasting Time And Start HELP", 11, "HELP Like A Pro With The Help Of These 5 Tips"),
("https://youtu.be/rZScv5KZJQE", "Get The Most Out of HELP and Facebook", 12, "Amateurs HELP But Overlook A Few Simple Things"),
("https://youtu.be/PcsUqPbZuD8", "Top 25 Quotes On HELP", 13, "4 Key Tactics The Pros Use For HELP"),
("https://youtu.be/RNssmVzgsjE", "How To Make Your HELP Look Amazing In 5 Days", 14, "HELP – Lessons Learned From Google"),
("https://youtu.be/Jo6fKboqfMs", "HELP And Love - How They Are The Same", 15, "10 Creative Ways You Can Improve Your HELP"),
("https://youtu.be/9jr9xlqDMxg", "5 Easy Ways You Can Turn HELP Into Success", 16, "The Business Of HELP"),
("https://youtu.be/xvqg2IMUTa8", "What Can Instagramm Teach You About HELP", 17, "The World's Worst Advice On HELP"),
("https://youtu.be/ctEbPPy5YgY", "Boost Your HELP With These Tips", 18, "Who is Your HELP Customer?"),
("https://youtu.be/mIKSjETHrmY", "13 Myths About HELP", 19, "What $325 Buys You In HELP"),
("https://youtu.be/v5HpqAYK6iU", "Proof That HELP Is Exactly What You Are Looking For", 20, "Believing Any Of These 10 Myths About HELP Keeps You From Growing"),
("https://youtu.be/rPunrzkIpeo", "Never Changing MENTAL HEALTH Will Eventually Destroy You",  21, "How To Make More MENTAL HEALTH By Doing Less"),
("https://youtu.be/3w-2gUSus34", "How To Make More MENTAL HEALTH By Doing Less",  22, "What Everyone Must Know About MENTAL HEALTH"),
("https://youtu.be/AoN6_Jq-2pM", "Succeed With MENTAL HEALTH In 24 Hours",  23, "MENTAL HEALTH: This Is What Professionals Do"),
("https://youtu.be/l7YENs5IVNw", "3 Mistakes In MENTAL HEALTH That Make You Look Dumb",  24, "Want to Heal your Mind in 60 Steps?"),
("https://youtu.be/bSOfotKE0PE", "How To Take The Headache Out Of MENTAL HEALTH",  25, "10 Ways To Reinvent Your MENTAL HEALTH"),
("https://youtu.be/T1VktB4yD0Q", "How To Teach MENTAL HEALTH Better Than Anyone Else",  26, "22 Tips To Start Building A MENTAL HEALTH You Always Wanted"),
("https://youtu.be/ZLiN2Js1UtQ", "Old School MENTAL HEALTH",  27, "Here's A Quick Way To Solve A Problem with MENTAL HEALTH"),
("https://youtu.be/MVIBf3cnTf0", "4 Ways You Can Grow Your Creativity Using MENTAL HEALTH",  28, "Open The Gates For MENTAL HEALTH By Using These Simple Tips"),
("https://youtu.be/77fInR6psNc", "The Secret Of MENTAL HEALTH",  29, "Top 10 Tips To Grow Your MENTAL HEALTH"),
("https://youtu.be/r3nKiXxFLMo", "5 Brilliant Ways To Use MENTAL HEALTH",  30, "Want A Thriving Business? Focus On MENTAL HEALTH!"),
("https://youtu.be/GKSoXiBlnZY", "Are You Making These MENTAL HEALTH Mistakes?",  31, "Don't Be Fooled By MENTAL HEALTH"),
("https://youtu.be/-lcV9WYD6T8", "The Ultimate Deal On MENTAL HEALTH",  32, "Where Can You Find Free MENTAL HEALTH Resources"),
("https://youtu.be/ze2A_HJW1Z4", "15 Lessons About MENTAL HEALTH You Need To Learn To Succeed",  33, "How To Use MENTAL HEALTH To Desire"),
("https://youtu.be/coIO99pXfro", "How To Use MENTAL HEALTH To Desire",  34, "5 Brilliant Ways To Teach Your Audience About MENTAL HEALTH"),
("https://youtu.be/cSBmkreZyBg", "Here Is What You Should Do For Your MENTAL HEALTH",  35, "How To Buy (A) MENTAL HEALTH On A Tight Budget"),
("https://youtu.be/GhLFRrrS8Lg", "10 Ways To Immediately Start Improving Your MENTAL HEALTH",  36, "10 Unforgivable Sins Of MENTAL HEALTH"),
("https://youtu.be/2_uVEzJgJ9A", "How To Get A Healthier Mind In 10 Minutes",  37, "A Surprising Tool To Help You MENTAL HEALTH"),
("https://youtu.be/8dVQ0813KVM", "MENTAL HEALTH Is Crucial To Your Business. Learn Why!",  38, "Why Most People Will Never Be Great At MENTAL HEALTH"),
("https://youtu.be/5560qmHFnVA", "The Lazy Way To MENTAL HEALTH",  39, "Remarkable Website - MENTAL HEALTH Will Help You Get There"),
("https://youtu.be/lRBQ9-acs5o", "7 Easy Ways To Heal Your Mind Faster",  40, "Sick And Tired Of Doing MENTAL HEALTH The Old Way? Read This");